movie_id,category_id,year_ceremony,ceremony
52679,1,1928,1
82474,2,1928,1
79760,3,1928,1
631,4,1928,1
631,4,1928,1
102384,5,1928,1
28966,6,1928,1
28966,10,1928,1
82474,18,1928,1
42565,7,1928,1
945878,8,1928,1
83989,1,1929,2
85507,2,1929,2
173582,3,1929,2
53161,4,1929,2
104214,9,1929,2
65203,10,1929,2
83990,11,1929,2
84274,1,1930,3
80708,2,1930,3
108213,3,1930,3
101383,4,1930,3
143,9,1930,3
143,13,1930,3
47250,12,1930,3
47250,11,1930,3
50600,1,1931,4
85505,2,1931,4
42861,3,1931,4
977,4,1931,4
84295,9,1931,4
42861,13,1931,4
42861,18,1931,4
81847,7,1931,4
42816,1,1932,5
3019,1,1932,5
85504,2,1932,5
87306,3,1932,5
875,4,1932,5
84299,9,1932,5
80909,13,1932,5
106112,14,1932,5
44892,15,1932,5
84299,18,1932,5
42816,7,1932,5
43122,1,1933,6
31777,2,1933,6
56164,3,1933,6
449059,17,1933,6
449059,17,1933,6
449059,17,1933,6
449059,17,1933,6
449059,17,1933,6
449059,17,1933,6
449059,17,1933,6
22649,4,1933,6
56164,9,1933,6
56164,13,1933,6
34463,14,1933,6
233638,15,1933,6
233644,16,1933,6
22649,12,1933,6
39938,18,1933,6
13634,7,1933,6
3078,1,1935,7
3078,2,1935,7
43689,3,1935,7
43604,17,1935,7
43902,4,1935,7
3078,9,1935,7
113638,19,1935,7
84097,20,1935,7
28288,21,1935,7
3078,13,1935,7
58159,14,1935,7
177032,15,1935,7
233656,16,1935,7
84097,12,1935,7
3078,18,1935,7
28564,7,1935,7
43896,1,1936,8
52863,2,1936,8
120977,3,1936,8
43898,17,1936,8
19075,4,1936,8
43890,22,1936,8
43896,9,1936,8
19075,19,1936,8
43896,20,1936,8
43892,21,1936,8
12311,13,1936,8
67626,14,1936,8
197160,15,1936,8
233669,16,1936,8
43894,12,1936,8
37089,7,1936,8
43896,28,1936,8
74469,1,1937,9
93313,23,1937,9
43277,2,1937,9
37658,24,1937,9
31507,3,1937,9
43884,17,1937,9
37658,4,1937,9
43277,22,1937,9
24807,9,1937,9
37658,19,1937,9
37658,20,1937,9
20325,21,1937,9
43277,13,1937,9
80927,14,1937,9
233693,25,1937,9
202265,26,1937,9
130386,27,1937,9
43881,12,1937,9
74469,7,1937,9
74469,28,1937,9
16515,1,1938,10
43278,23,1938,10
36652,2,1938,10
78734,24,1938,10
3598,3,1938,10
78734,17,1938,10
36652,4,1938,10
66473,22,1938,10
14675,9,1938,10
3598,19,1938,10
61647,20,1938,10
74130,21,1938,10
43278,13,1938,10
72640,14,1938,10
233708,25,1938,10
183187,26,1938,10
130503,27,1938,10
77250,12,1938,10
22692,7,1938,10
43278,28,1938,10
42390,1,1939,11
118889,23,1939,11
1976,2,1939,11
1976,24,1939,11
10907,3,1939,11
62567,4,1939,11
34106,9,1939,11
10907,19,1939,11
10907,30,1939,11
43839,20,1939,11
60562,21,1939,11
34106,13,1939,11
47166,14,1939,11
235647,26,1939,11
235646,27,1939,11
112674,12,1939,11
42390,7,1939,11
25016,28,1939,11
42852,1,1940,12
995,23,1940,12
770,2,1940,12
770,24,1940,12
770,3,1940,12
3084,29,1940,12
770,35,1940,12
770,9,1940,12
770,19,1940,12
630,30,1940,12
995,20,1940,12
630,21,1940,12
770,13,1940,12
418956,14,1940,12
235657,26,1940,12
130204,27,1940,12
165917,12,1940,12
115109,31,1940,12
3083,7,1940,12
770,28,1940,12
981,1,1941,13
14710,23,1941,13
77744,2,1941,13
596,24,1941,13
43818,32,1941,13
12232,33,1941,13
223,29,1941,13
12232,35,1941,13
596,9,1941,13
83360,19,1941,13
10895,30,1941,13
108222,20,1941,13
10895,21,1941,13
223,13,1941,13
163882,14,1941,13
236799,26,1941,13
236795,27,1941,13
43819,12,1941,13
12232,31,1941,13
36495,34,1941,13
131770,7,1941,13
981,28,1941,13
16442,1,1942,14
43266,23,1942,14
11462,2,1942,14
43705,24,1942,14
43266,32,1942,14
84087,33,1942,14
43266,29,1942,14
44399,35,1942,14
43266,9,1942,14
236820,36,1942,14
16442,19,1942,14
29451,37,1942,14
11360,38,1942,14
43792,21,1942,14
51024,14,1942,14
236807,26,1942,14
236802,27,1942,14
43798,12,1942,14
131766,31,1942,14
15,34,1942,14
38914,7,1942,14
38914,28,1942,14
3087,1,1943,15
41495,23,1943,15
27367,2,1943,15
27367,24,1943,15
110628,32,1943,15
109933,33,1943,15
27367,29,1943,15
29882,35,1943,15
27367,9,1943,15
56143,39,1943,15
93331,39,1943,15
93333,39,1943,15
23336,39,1943,15
19140,19,1943,15
32847,40,1943,15
3087,38,1943,15
13485,21,1943,15
33600,14,1943,15
236838,26,1943,15
236836,27,1943,15
3087,12,1943,15
63617,31,1943,15
21735,41,1943,15
20640,34,1943,15
27367,28,1943,15
68440,1,1944,16
80616,23,1944,16
43516,2,1944,16
27854,24,1944,16
43516,32,1944,16
15855,33,1944,16
43516,29,1944,16
15855,35,1944,16
289,9,1944,16
93335,42,1944,16
100605,36,1944,16
15807,19,1944,16
43516,40,1944,16
43517,38,1944,16
31770,21,1944,16
39896,14,1944,16
236874,26,1944,16
236865,27,1944,16
45220,12,1944,16
74012,31,1944,16
48993,41,1944,16
33039,34,1944,16
289,28,1944,16
17661,1,1945,17
17661,23,1945,17
13528,2,1945,17
52362,24,1945,17
13528,32,1945,17
84084,33,1945,17
1939,29,1945,17
84084,35,1945,17
17661,9,1945,17
86120,42,1945,17
101586,36,1945,17
84084,19,1945,17
42401,40,1945,17
21622,38,1945,17
17661,21,1945,17
17661,45,1945,17
40144,14,1945,17
240374,26,1945,17
180505,27,1945,17
84084,12,1945,17
18770,31,1945,17
17661,41,1945,17
84084,34,1945,17
17661,28,1945,17
28580,1,1946,18
30177,23,1946,18
3309,2,1946,18
17641,24,1946,18
75888,32,1946,18
131764,33,1946,18
16559,29,1946,18
17645,35,1946,18
28580,9,1946,18
49011,42,1946,18
240400,36,1946,18
17641,19,1946,18
4174,40,1946,18
17889,38,1946,18
27686,21,1946,18
28580,45,1946,18
40164,14,1946,18
240390,26,1946,18
150604,27,1946,18
32430,12,1946,18
34127,31,1946,18
42295,41,1946,18
205685,34,1946,18
28580,28,1946,18
887,1,1947,19
887,23,1947,19
54568,2,1947,19
56135,24,1947,19
43471,32,1947,19
19049,33,1947,19
43471,29,1947,19
19049,35,1947,19
887,9,1947,19
240417,36,1947,19
887,19,1947,19
887,40,1947,19
31206,38,1947,19
28907,21,1947,19
887,45,1947,19
39853,14,1947,19
240410,26,1947,19
240406,27,1947,19
31206,12,1947,19
19072,31,1947,19
182756,41,1947,19
43495,34,1947,19
887,28,1947,19
41206,1,1948,20
11881,23,1948,20
43466,2,1948,20
33667,24,1948,20
14320,32,1948,20
16391,33,1948,20
14320,29,1948,20
16391,35,1948,20
33667,9,1948,20
149245,42,1948,20
240435,36,1948,20
17487,19,1948,20
41206,40,1948,20
106825,38,1948,20
13850,21,1948,20
33667,45,1948,20
88768,14,1948,20
240429,26,1948,20
240423,27,1948,20
19490,12,1948,20
108994,31,1948,20
11881,43,1948,20
27437,34,1948,20
11881,28,1948,20
23383,1,1949,21
3090,23,1949,21
62000,2,1949,21
11016,24,1949,21
23383,32,1949,21
19542,33,1949,21
20482,29,1949,21
43443,35,1949,21
23383,47,1949,21
43443,44,1949,21
3090,9,1949,21
114471,42,1949,21
240452,36,1949,21
20482,19,1949,21
19542,40,1949,21
29380,38,1949,21
17804,21,1949,21
23383,45,1949,21
72668,14,1949,21
240444,26,1949,21
107881,27,1949,21
62694,12,1949,21
32558,31,1949,21
41131,43,1949,21
3090,28,1949,21
25430,1,1950,22
15497,23,1950,22
28571,2,1950,22
25430,24,1950,22
28571,32,1950,22
43436,33,1950,22
31623,29,1950,22
13909,35,1950,22
28571,47,1950,22
34233,44,1950,22
45578,9,1950,22
114472,42,1950,22
240466,36,1950,22
140693,36,1950,22
25918,19,1950,22
28571,40,1950,22
31516,38,1950,22
43437,21,1950,22
25430,45,1950,22
83773,14,1950,22
240461,26,1950,22
162366,27,1950,22
15497,12,1950,22
39314,31,1950,22
43440,43,1950,22
45578,28,1950,22
31623,46,1950,22
43386,1,1951,23
705,23,1951,23
24481,2,1951,23
11787,24,1951,23
599,32,1951,23
29993,33,1951,23
1092,29,1951,23
43388,35,1951,23
705,47,1951,23
29993,44,1951,23
705,9,1951,23
114498,42,1951,23
242968,36,1951,23
43388,19,1951,23
599,40,1951,23
25209,38,1951,23
129529,21,1951,23
705,45,1951,23
46990,14,1951,23
242964,26,1951,23
162352,27,1951,23
705,12,1951,23
25392,31,1951,23
32078,43,1951,23
705,28,1951,23
599,46,1951,23
488,1,1952,24
702,23,1952,24
702,2,1952,24
702,24,1952,24
702,32,1952,24
2769,33,1952,24
25673,29,1952,24
2769,35,1952,24
25673,47,1952,24
2769,44,1952,24
25673,9,1952,24
20088,42,1952,24
242980,36,1952,24
25673,19,1952,24
25673,40,1952,24
2769,38,1952,24
27629,21,1952,24
2769,45,1952,24
46852,14,1952,24
242975,26,1952,24
179182,27,1952,24
98328,12,1952,24
16380,31,1952,24
46932,43,1952,24
25673,28,1952,24
2769,46,1952,24
288,1,1953,25
1810,23,1953,25
84214,2,1953,25
32499,24,1953,25
32499,32,1953,25
10910,33,1953,25
32499,29,1953,25
3109,35,1953,25
32499,47,1953,25
10910,44,1953,25
3109,9,1953,25
104989,42,1953,25
51406,36,1953,25
288,19,1953,25
288,40,1953,25
65787,38,1953,25
288,21,1953,25
27191,45,1953,25
68986,14,1953,25
242989,26,1953,25
179184,27,1953,25
51619,12,1953,25
90968,31,1953,25
27191,43,1953,25
32499,28,1953,25
32961,46,1953,25
632,1,1954,26
11426,23,1954,26
804,2,1954,26
11426,24,1954,26
18019,32,1954,26
29912,33,1954,26
11426,29,1954,26
3110,35,1954,26
804,47,1954,26
29912,44,1954,26
11426,9,1954,26
11383,42,1954,26
243009,36,1954,26
11426,19,1954,26
43350,40,1954,26
46011,38,1954,26
14117,21,1954,26
11426,45,1954,26
32089,14,1954,26
243003,26,1954,26
162106,27,1954,26
11426,12,1954,26
8974,31,1954,26
804,43,1954,26
11426,28,1954,26
16535,46,1954,26
654,1,1955,27
34689,23,1955,27
2438,2,1955,27
654,24,1955,27
654,32,1955,27
173,33,1955,27
654,29,1955,27
41503,35,1955,27
6620,47,1955,27
43349,44,1955,27
654,9,1955,27
114499,42,1955,27
243023,36,1955,27
654,19,1955,27
17761,40,1955,27
16563,38,1955,27
41503,21,1955,27
654,45,1955,27
205712,14,1955,27
243020,26,1955,27
163370,27,1955,27
17729,12,1955,27
173,31,1955,27
42328,43,1955,27
2438,28,1955,27
654,46,1955,27
15919,1,1956,28
37853,23,1956,28
65550,2,1956,28
220,24,1956,28
65550,32,1956,28
39940,33,1956,28
65550,29,1956,28
381,35,1956,28
28575,47,1956,28
53879,44,1956,28
15919,9,1956,28
114500,42,1956,28
167097,36,1956,28
39940,19,1956,28
53879,40,1956,28
13936,38,1956,28
53879,21,1956,28
15919,45,1956,28
33444,14,1956,28
243030,26,1956,28
243025,27,1956,28
13936,12,1956,28
35580,31,1956,28
40633,43,1956,28
15919,28,1956,28
43318,46,1956,28
16520,1,1957,29
29592,23,1957,29
38171,2,1957,29
69605,24,1957,29
28000,32,1957,29
16520,33,1957,29
28000,29,1957,29
2897,35,1957,29
78331,47,1957,29
16520,44,1957,29
1712,9,1957,29
60234,42,1957,29
243045,36,1957,29
2897,19,1957,29
405,48,1957,29
2897,40,1957,29
16520,38,1957,29
574,21,1957,29
2897,45,1957,29
243043,14,1957,29
243038,26,1957,29
203901,27,1957,29
16520,12,1957,29
6844,31,1957,29
107443,43,1957,29
15265,49,1957,29
826,1,1958,30
40885,23,1958,30
28285,2,1958,30
40885,24,1958,30
40885,3,1958,30
826,4,1958,30
43232,50,1958,30
826,9,1958,30
114502,42,1958,30
826,19,1958,30
19426,48,1958,30
826,20,1958,30
133792,21,1958,30
826,45,1958,30
100395,14,1958,30
243161,51,1958,30
40885,12,1958,30
15876,31,1958,30
826,56,1958,30
33668,52,1958,30
43136,1,1959,31
12501,23,1959,31
28577,2,1959,31
43136,24,1959,31
17281,3,1959,31
11414,29,1959,31
17281,35,1959,31
17281,50,1959,31
17281,9,1959,31
114503,42,1959,31
243179,36,1959,31
17281,19,1959,31
427,48,1959,31
11331,40,1959,31
17281,38,1959,31
17281,21,1959,31
17281,45,1959,31
106927,14,1959,31
47384,51,1959,31
17352,53,1959,31
56931,31,1959,31
17281,56,1959,31
11414,52,1959,31
665,1,1960,32
665,23,1960,32
43103,2,1960,32
2576,24,1960,32
2576,32,1960,32
665,33,1960,32
2576,29,1960,32
665,35,1960,32
239,47,1960,32
665,44,1960,32
665,9,1960,32
12552,42,1960,32
448124,36,1960,32
665,19,1960,32
40423,48,1960,32
665,40,1960,32
1940,38,1960,32
33725,21,1960,32
665,45,1960,32
71255,14,1960,32
243183,51,1960,32
665,53,1960,32
665,31,1960,32
43103,56,1960,32
4952,52,1960,32
22013,1,1961,33
967,23,1961,33
23724,2,1961,33
22013,24,1961,33
284,32,1961,33
967,33,1961,33
53939,29,1961,33
967,35,1961,33
39219,47,1961,33
967,44,1961,33
284,9,1961,33
114506,42,1961,33
243196,36,1961,33
284,19,1961,33
11656,48,1961,33
1941,40,1961,33
129553,38,1961,33
43039,21,1961,33
284,45,1961,33
220905,14,1961,33
243193,51,1961,33
11209,53,1961,33
2134,31,1961,33
22013,56,1961,33
284,52,1961,33
821,1,1962,34
1725,23,1962,34
24167,2,1962,34
1725,24,1962,34
990,32,1962,34
1725,33,1962,34
990,29,1962,34
1725,35,1962,34
439,47,1962,34
1725,44,1962,34
1725,9,1962,34
114507,42,1962,34
243209,36,1962,34
1725,19,1962,34
11602,48,1962,34
164,40,1962,34
1725,38,1962,34
164,21,1962,34
1725,45,1962,34
128960,14,1962,34
243202,51,1962,34
1725,53,1962,34
10911,31,1962,34
821,56,1962,34
28569,52,1962,34
595,1,1963,35
33632,23,1963,35
1162,2,1963,35
1162,24,1963,35
595,32,1963,35
947,33,1963,35
9289,29,1963,35
947,35,1963,35
10242,47,1963,35
28367,44,1963,35
947,9,1963,35
966674,42,1963,35
243234,36,1963,35
947,19,1963,35
43001,48,1963,35
13671,54,1963,35
32488,21,1963,35
947,84,1963,35
234523,14,1963,35
139592,51,1963,35
947,53,1963,35
9289,31,1963,35
595,56,1963,35
20271,52,1963,35
38805,1,1964,36
24748,23,1964,36
24748,2,1964,36
37222,24,1964,36
47249,32,1964,36
8095,33,1964,36
24748,29,1964,36
8095,35,1964,36
422,47,1964,36
8095,44,1964,36
5769,9,1964,36
114509,42,1964,36
243247,36,1964,36
11897,19,1964,36
422,48,1964,36
2690,54,1964,36
74088,21,1964,36
5769,84,1964,36
146320,14,1964,36
53218,51,1964,36
11897,53,1964,36
11576,55,1964,36
8095,31,1964,36
5769,56,1964,36
11897,52,1964,36
11113,1,1965,37
5052,23,1965,37
433,2,1965,37
10604,24,1965,37
10604,32,1965,37
11113,33,1965,37
10604,29,1965,37
11113,35,1965,37
14703,47,1965,37
11113,44,1965,37
11113,9,1965,37
91288,42,1965,37
243260,36,1965,37
433,19,1965,37
42801,48,1965,37
11113,54,1965,37
433,21,1965,37
11113,84,1965,37
149193,14,1965,37
243253,51,1965,37
11113,53,1965,37
658,55,1965,37
433,57,1965,37
15421,56,1965,37
30295,52,1965,37
11694,1,1966,38
42731,23,1966,38
24134,2,1966,38
33364,24,1966,38
30080,32,1966,38
907,33,1966,38
30080,29,1966,38
907,35,1966,38
24134,47,1966,38
907,44,1966,38
15121,9,1966,38
114510,42,1966,38
243283,36,1966,38
15121,19,1966,38
25905,48,1966,38
15121,54,1966,38
77915,21,1966,38
15121,84,1966,38
84617,14,1966,38
34063,51,1966,38
15121,53,1966,38
11575,55,1966,38
660,57,1966,38
907,56,1966,38
24134,52,1966,38
874,1,1967,39
1888,23,1967,39
396,2,1967,39
396,24,1967,39
396,32,1967,39
2161,33,1967,39
396,29,1967,39
874,35,1967,39
396,47,1967,39
874,44,1967,39
874,9,1967,39
26508,42,1967,39
243295,36,1967,39
20379,19,1967,39
42726,48,1967,39
15347,58,1967,39
17768,54,1967,39
15347,21,1967,39
874,84,1967,39
209505,14,1967,39
243289,51,1967,39
20379,53,1967,39
20379,55,1967,39
2161,57,1967,39
874,56,1967,39
42726,52,1967,39
10633,1,1968,40
903,23,1968,40
1879,2,1968,40
475,24,1968,40
18978,3,1968,40
475,4,1968,40
18978,50,1968,40
37247,9,1968,40
66569,42,1968,40
243314,36,1968,40
10633,19,1968,40
789,48,1968,40
32489,58,1968,40
18978,54,1968,40
16081,21,1968,40
10633,84,1968,40
205704,14,1968,40
243307,51,1968,40
10633,53,1968,40
1654,55,1968,40
16081,57,1968,40
10633,56,1968,40
1879,52,1968,40
29146,1,1969,41
118872,23,1969,41
18988,2,1969,41
16085,2,1969,41
805,24,1969,41
17917,3,1969,41
6003,4,1969,41
6003,50,1969,41
17917,9,1969,41
114511,42,1969,41
72585,36,1969,41
916,19,1969,41
29266,48,1969,41
912,59,1969,41
17917,84,1969,41
81310,14,1969,41
243319,51,1969,41
17917,53,1969,41
62,57,1969,41
18988,56,1969,41
30197,52,1969,41
17529,1,1970,42
28145,23,1970,42
5179,2,1970,42
28289,24,1970,42
14030,3,1970,42
642,4,1970,42
22522,50,1970,42
3116,9,1970,42
114512,42,1970,42
154645,36,1970,42
2721,19,1970,42
2721,48,1970,42
642,59,1970,42
3116,84,1970,42
58143,14,1970,42
243329,51,1970,42
14030,53,1970,42
40140,57,1970,42
3116,56,1970,42
11202,1,1971,43
38953,23,1971,43
66027,2,1971,43
10671,24,1971,43
11202,3,1971,43
38953,4,1971,43
31675,50,1971,43
11202,9,1971,43
9459,42,1971,43
183859,36,1971,43
11202,19,1971,43
26451,48,1971,43
9062,30,1971,43
20556,60,1971,43
42593,59,1971,43
11202,84,1971,43
209535,14,1971,43
107486,51,1971,43
11202,53,1971,43
11165,57,1971,43
651,56,1971,43
11202,63,1971,43
1051,1,1972,44
25188,23,1972,44
466,2,1972,44
25188,24,1972,44
38646,3,1972,44
14811,4,1972,44
38646,50,1972,44
1051,9,1972,44
17875,42,1972,44
243349,36,1972,44
1051,19,1972,44
4789,48,1972,44
41357,61,1972,44
482,59,1972,44
1051,84,1972,44
185399,62,1972,44
243349,51,1972,44
14811,53,1972,44
12335,57,1972,44
1051,56,1972,44
32082,63,1972,44
238,1,1973,45
10784,23,1973,45
10784,2,1973,45
55106,24,1973,45
10784,3,1973,45
10784,4,1973,45
5183,50,1973,45
10784,9,1973,45
38616,42,1973,45
243368,36,1973,45
10784,19,1973,45
4593,48,1973,45
28971,61,1973,45
551,59,1973,45
238,84,1973,45
46126,62,1973,45
243364,51,1973,45
10784,53,1973,45
238,56,1973,45
21711,63,1973,45
38714,1,1974,46
14328,23,1974,46
42458,2,1974,46
11293,24,1974,46
9277,3,1974,46
10238,4,1974,46
9277,50,1974,46
9277,9,1974,46
114513,42,1974,46
243380,36,1974,46
9277,19,1974,46
1675,48,1974,46
10236,61,1974,46
10236,21,1974,46
9277,84,1974,46
147199,62,1974,46
243375,51,1974,46
9552,53,1974,46
9552,56,1974,46
9277,63,1974,46
42448,1,1975,47
240,23,1975,47
16153,2,1975,47
4176,24,1975,47
240,3,1975,47
5919,4,1975,47
11034,50,1975,47
240,9,1975,47
42449,42,1975,47
8290,36,1975,47
5919,19,1975,47
7857,48,1975,47
240,61,1975,47
5919,21,1975,47
240,84,1975,47
48277,64,1975,47
243386,65,1975,47
11123,53,1975,47
829,34,1975,47
510,1,1976,48
16561,23,1976,48
510,2,1976,48
31121,24,1976,48
3175,3,1976,48
3175,4,1976,48
3175,50,1976,48
510,9,1976,48
37339,42,1976,48
72494,36,1976,48
578,19,1976,48
9764,48,1976,48
578,30,1976,48
3121,66,1976,48
510,84,1976,48
208561,64,1976,48
243402,65,1976,48
578,53,1976,48
968,34,1976,48
10774,67,1977,49
891,23,1977,49
10774,68,1977,49
10774,24,1977,49
891,3,1977,49
42232,4,1977,49
42236,50,1977,49
1366,9,1977,49
33324,42,1977,49
243586,36,1977,49
1366,19,1977,49
42238,48,1977,49
794,30,1977,49
42232,69,1977,49
19610,66,1977,49
1366,84,1977,49
207437,64,1977,49
243579,65,1977,49
891,53,1977,49
891,56,1977,49
14741,67,1978,50
42222,23,1978,50
703,68,1978,50
42222,24,1978,50
11,3,1978,50
840,4,1978,50
11,50,1978,50
703,9,1978,50
114514,42,1978,50
243605,36,1978,50
11,19,1978,50
42223,48,1978,50
11,30,1978,50
77078,69,1978,50
42231,66,1978,50
703,84,1978,50
148514,64,1978,50
127390,65,1978,50
11,53,1978,50
11,71,1978,50
42222,56,1978,50
31657,67,1979,51
11778,23,1979,51
31657,68,1979,51
26686,24,1979,51
12185,3,1979,51
16642,4,1979,51
4192,50,1979,51
11778,9,1979,51
92215,42,1979,51
243623,36,1979,51
11778,19,1979,51
4267,48,1979,51
24153,70,1979,51
11327,30,1979,51
42212,66,1979,51
11778,84,1979,51
48346,64,1979,51
243616,65,1979,51
11778,53,1979,51
11327,76,1979,51
31657,72,1979,51
12102,67,1980,52
10322,23,1980,52
40842,68,1980,52
12102,24,1980,52
16858,3,1980,52
28,4,1980,52
16858,50,1980,52
12102,9,1980,52
42165,42,1980,52
113745,36,1980,52
16858,19,1980,52
659,48,1980,52
20813,30,1980,52
16858,75,1980,52
40842,66,1980,52
12102,84,1980,52
48274,64,1980,52
244350,65,1980,52
28,53,1980,52
348,71,1980,52
12102,76,1980,52
20283,72,1980,52
1578,67,1981,53
16619,23,1981,53
16769,68,1981,53
38772,24,1981,53
11121,3,1981,53
11121,4,1981,53
11121,50,1981,53
16619,9,1981,53
113815,42,1981,53
244373,36,1981,53
1578,19,1981,53
21028,48,1981,53
3537,30,1981,53
3537,66,1981,53
16619,84,1981,53
47466,64,1981,53
244363,73,1981,53
1891,53,1981,53
16619,76,1981,53
38772,72,1981,53
11816,67,1982,54
13665,23,1982,54
11816,68,1982,54
18254,24,1982,54
85,3,1982,54
18254,4,1982,54
9443,50,1982,54
18254,9,1982,54
114516,42,1982,54
244396,36,1982,54
85,19,1982,54
11911,48,1982,54
814,74,1982,54
9443,30,1982,54
13665,66,1982,54
9443,84,1982,54
90781,64,1982,54
244391,65,1982,54
85,53,1982,54
85,71,1982,54
11816,76,1982,54
9443,72,1982,54
783,67,1983,55
2623,23,1983,55
15764,68,1983,55
9576,24,1983,55
783,3,1983,55
783,4,1983,55
783,50,1983,55
783,9,1983,55
114517,42,1983,55
244415,36,1983,55
783,19,1983,55
81346,48,1983,55
62204,74,1983,55
601,30,1983,55
12614,75,1983,55
2623,66,1983,55
783,84,1983,55
48496,64,1983,55
244404,65,1983,55
601,53,1983,55
601,78,1983,55
601,71,1983,55
15600,76,1983,55
783,72,1983,55
42121,67,1984,56
11050,23,1984,56
11050,68,1984,56
11541,24,1984,56
5961,3,1984,56
5961,4,1984,56
5961,50,1984,56
11050,9,1984,56
114520,42,1984,56
244449,36,1984,56
9549,19,1984,56
5961,48,1984,56
9549,30,1984,56
10269,77,1984,56
535,66,1984,56
11050,84,1984,56
210972,64,1984,56
244440,65,1984,56
9549,53,1984,56
9549,78,1984,56
11050,76,1984,56
42121,72,1984,56
279,67,1985,57
625,23,1985,57
13681,68,1985,57
15927,24,1985,57
279,3,1985,57
625,4,1985,57
279,50,1985,57
279,9,1985,57
33138,42,1985,57
244656,36,1985,57
625,19,1985,57
46088,48,1985,57
279,74,1985,57
15927,30,1985,57
13763,60,1985,57
5968,66,1985,57
279,84,1985,57
48276,64,1985,57
311,65,1985,57
279,53,1985,57
87,71,1985,57
279,76,1985,57
13681,72,1985,57
11703,67,1986,58
10328,23,1986,58
47908,68,1986,58
2075,24,1986,58
606,3,1986,58
606,4,1986,58
11645,50,1986,58
606,9,1986,58
44889,42,1986,58
244670,36,1986,58
9281,19,1986,58
29263,48,1986,58
11177,74,1986,58
606,30,1986,58
16082,66,1986,58
606,84,1986,58
220343,64,1986,58
244664,65,1986,58
606,53,1986,58
105,78,1986,58
10328,71,1986,58
606,76,1986,58
9281,72,1986,58
11873,67,1987,59
5143,23,1987,59
1890,68,1987,59
5143,24,1987,59
11257,3,1987,59
11416,4,1987,59
11257,50,1987,59
792,9,1987,59
114521,42,1987,59
114522,42,1987,59
115505,36,1987,59
792,19,1987,59
2753,48,1987,59
9426,74,1987,59
14670,30,1987,59
744,66,1987,59
792,84,1987,59
48698,64,1987,59
147081,65,1987,59
792,53,1987,59
679,78,1987,59
679,71,1987,59
11257,76,1987,59
5143,72,1987,59
10673,67,1988,60
117,23,1988,60
2039,68,1988,60
2039,24,1988,60
746,3,1988,60
746,4,1988,60
746,50,1988,60
746,9,1988,60
182561,42,1988,60
244690,36,1988,60
746,19,1988,60
11832,48,1988,60
8989,74,1988,60
746,30,1988,60
88,66,1988,60
746,84,1988,60
49565,64,1988,60
211375,65,1988,60
746,53,1988,60
2614,71,1988,60
746,76,1988,60
2039,72,1988,60
380,67,1989,61
623,23,1989,61
10868,68,1989,61
31052,24,1989,61
859,3,1989,61
1632,4,1989,61
859,50,1989,61
380,9,1989,61
41954,42,1989,61
244701,36,1989,61
856,19,1989,61
11174,48,1989,61
4011,74,1989,61
13482,30,1989,61
3525,66,1989,61
380,84,1989,61
13927,64,1989,61
47057,65,1989,61
24679,53,1989,61
856,78,1989,61
856,71,1989,61
859,76,1989,61
380,72,1989,61
10161,67,1990,62
9665,23,1990,62
403,68,1990,62
10161,24,1990,62
268,3,1990,62
9665,4,1990,62
10705,50,1990,62
2604,9,1990,62
114524,42,1990,62
244712,36,1990,62
2604,19,1990,62
11216,48,1990,62
403,74,1990,62
10144,30,1990,62
10144,66,1990,62
403,84,1990,62
44338,64,1990,62
244708,65,1990,62
9665,53,1990,62
89,78,1990,62
2756,71,1990,62
403,76,1990,62
207,72,1990,62
38718,67,1991,63
769,23,1991,63
1700,68,1991,63
251,24,1991,63
8592,3,1991,63
581,4,1991,63
11673,50,1991,63
581,9,1991,63
41326,42,1991,63
244724,36,1991,63
581,19,1991,63
41834,48,1991,63
8592,74,1991,63
581,30,1991,63
8592,66,1991,63
581,84,1991,63
54825,64,1991,63
44231,65,1991,63
581,53,1991,63
1669,78,1991,63
581,76,1991,63
251,72,1991,63
274,67,1992,64
1406,23,1992,64
274,68,1992,64
177,24,1992,64
10337,3,1992,64
820,4,1992,64
10337,50,1992,64
274,9,1992,64
114525,42,1992,64
244733,36,1992,64
820,19,1992,64
38251,48,1992,64
280,74,1992,64
10020,30,1992,64
10020,66,1992,64
274,84,1992,64
47207,64,1992,64
244729,65,1992,64
280,53,1992,64
280,78,1992,64
280,71,1992,64
274,80,1992,64
1541,72,1992,64
9475,67,1993,65
33,23,1993,65
8293,68,1993,65
10377,24,1993,65
8293,3,1993,65
293,4,1993,65
6114,50,1993,65
33,9,1993,65
41773,42,1993,65
244749,36,1993,65
33,19,1993,65
2731,48,1993,65
6114,74,1993,65
812,30,1993,65
812,66,1993,65
33,84,1993,65
188425,64,1993,65
244740,65,1993,65
9361,53,1993,65
6114,78,1993,65
9374,71,1993,65
8293,80,1993,65
11386,72,1993,65
9800,67,1994,66
5503,23,1994,66
713,68,1994,66
713,24,1994,66
424,3,1994,66
424,4,1994,66
10436,50,1994,66
424,9,1994,66
114526,42,1994,66
244864,36,1994,66
424,19,1994,66
2470,48,1994,66
788,74,1994,66
424,30,1994,66
9800,66,1994,66
424,84,1994,66
531,64,1994,66
162503,65,1994,66
329,53,1994,66
329,78,1994,66
329,71,1994,66
424,80,1994,66
713,72,1994,66
13,67,1995,67
522,23,1995,67
57834,68,1995,67
11382,24,1995,67
11318,3,1995,67
4476,4,1995,67
2759,50,1995,67
13,9,1995,67
85778,42,1995,67
244878,36,1995,67
13,19,1995,67
50797,48,1995,67
522,74,1995,67
8587,30,1995,67
8587,66,1995,67
13,84,1995,67
48273,64,1995,67
47981,65,1995,67
113454,65,1995,67
1637,53,1995,67
1637,78,1995,67
13,71,1995,67
13,80,1995,67
680,72,1995,67
451,67,1996,68
629,23,1996,68
687,68,1996,68
11448,24,1996,68
35196,3,1996,68
197,4,1996,68
35196,50,1996,68
197,9,1996,68
51352,42,1996,68
57130,36,1996,68
568,19,1996,68
880,48,1996,68
197,74,1996,68
11010,61,1996,68
10530,79,1996,68
10530,66,1996,68
197,84,1996,68
532,64,1996,68
244887,65,1996,68
568,53,1996,68
197,78,1996,68
9598,71,1996,68
4584,80,1996,68
629,72,1996,68
7863,67,1997,69
9390,23,1997,69
275,68,1997,69
409,24,1997,69
409,3,1997,69
409,4,1997,69
409,50,1997,69
409,9,1997,69
10548,42,1997,69
244906,36,1997,69
409,19,1997,69
784,48,1997,69
9327,74,1997,69
409,61,1997,69
3573,79,1997,69
8818,66,1997,69
409,84,1997,69
93114,64,1997,69
244901,65,1997,69
409,53,1997,69
10586,78,1997,69
602,71,1997,69
12498,80,1997,69
275,72,1997,69
2898,67,1998,70
489,23,1998,70
2898,68,1998,70
2118,24,1998,70
597,3,1998,70
597,4,1998,70
597,50,1998,70
597,9,1998,70
113290,42,1998,70
244919,36,1998,70
597,19,1998,70
17139,48,1998,70
607,74,1998,70
597,61,1998,70
9427,79,1998,70
597,66,1998,70
597,84,1998,70
13929,64,1998,70
244914,65,1998,70
597,53,1998,70
597,78,1998,70
597,71,1998,70
2118,80,1998,70
489,72,1998,70
637,67,1999,71
31662,23,1999,71
1934,68,1999,71
1934,24,1999,71
1934,3,1999,71
857,4,1999,71
1934,50,1999,71
857,9,1999,71
20595,42,1999,71
244937,36,1999,71
857,19,1999,71
637,48,1999,71
4518,74,1999,71
637,61,1999,71
1934,79,1999,71
9837,66,1999,71
1934,84,1999,71
48610,64,1999,71
93980,65,1999,71
857,53,1999,71
857,78,1999,71
12159,71,1999,71
3033,80,1999,71
1934,72,1999,71
14,67,2000,72
1715,23,2000,72
226,68,2000,72
3558,24,2000,72
2668,3,2000,72
14,4,2000,72
46435,50,2000,72
14,9,2000,72
34045,42,2000,72
244949,36,2000,72
603,19,2000,72
99,48,2000,72
46435,74,2000,72
14283,30,2000,72
37135,66,2000,72
14,84,2000,72
38577,64,2000,72
244942,65,2000,72
603,53,2000,72
603,78,2000,72
603,71,2000,72
1715,80,2000,72
14,72,2000,72
98,67,2001,73
1900,23,2001,73
462,68,2001,73
12509,24,2001,73
146,3,2001,73
146,4,2001,73
98,50,2001,73
1900,9,2001,73
58062,42,2001,73
244965,36,2001,73
1900,19,2001,73
146,48,2001,73
8871,74,2001,73
146,30,2001,73
11004,66,2001,73
98,84,2001,73
48617,64,2001,73
244954,65,2001,73
98,53,2001,73
3536,81,2001,73
98,71,2001,73
1900,80,2001,73
786,72,2001,73
2034,67,2002,74
11889,23,2002,74
1365,68,2002,74
453,24,2002,74
808,82,2002,74
824,3,2002,74
120,4,2002,74
824,50,2002,74
453,9,2002,74
51391,42,2002,74
87292,36,2002,74
855,19,2002,74
8342,48,2002,74
120,74,2002,74
120,30,2002,74
585,66,2002,74
453,84,2002,74
13930,64,2002,74
36733,65,2002,74
855,53,2002,74
676,81,2002,74
120,71,2002,74
453,80,2002,74
5279,72,2002,74
423,67,2003,75
2757,23,2003,75
590,68,2003,75
1574,24,2003,75
129,82,2003,75
1574,3,2003,75
4147,4,2003,75
1574,50,2003,75
423,9,2003,75
1430,42,2003,75
194819,36,2003,75
1574,19,2003,75
1591,48,2003,75
1360,74,2003,75
1360,30,2003,75
65,66,2003,75
1574,84,2003,75
27042,64,2003,75
115479,65,2003,75
1574,53,2003,75
121,81,2003,75
121,71,2003,75
423,83,2003,75
64,34,2003,75
322,67,2004,76
322,23,2004,76
504,68,2004,76
2289,24,2004,76
12,82,2004,76
122,3,2004,76
8619,4,2004,76
122,50,2004,76
122,9,2004,76
12698,42,2004,76
26753,36,2004,76
122,19,2004,76
11042,48,2004,76
122,74,2004,76
122,30,2004,76
122,66,2004,76
122,84,2004,76
21131,64,2004,76
204781,65,2004,76
8619,81,2004,76
122,71,2004,76
122,83,2004,76
153,34,2004,76
1677,67,2005,77
70,23,2005,77
70,68,2005,77
2567,24,2005,77
9806,82,2005,77
2567,3,2005,77
2567,4,2005,77
2567,50,2005,77
70,9,2005,77
1392,42,2005,77
245005,36,2005,77
2567,19,2005,77
1913,48,2005,77
11774,74,2005,77
866,30,2005,77
1653,66,2005,77
70,84,2005,77
48329,64,2005,77
44472,65,2005,77
9806,81,2005,77
558,71,2005,77
9675,83,2005,77
38,34,2005,77
398,67,2006,78
231,23,2006,78
69,68,2006,78
1985,24,2006,78
533,82,2006,78
1904,3,2006,78
1904,4,2006,78
1904,50,2006,78
142,9,2006,78
1667,42,2006,78
245013,36,2006,78
1640,19,2006,78
868,48,2006,78
411,74,2006,78
142,30,2006,78
9470,66,2006,78
1640,84,2006,78
44360,64,2006,78
25126,65,2006,78
254,81,2006,78
254,71,2006,78
142,83,2006,78
1640,34,2006,78
1523,67,2007,79
773,23,2007,79
1165,68,2007,79
1125,24,2007,79
9836,82,2007,79
1417,3,2007,79
1417,4,2007,79
1887,50,2007,79
1422,9,2007,79
1781,42,2007,79
170057,36,2007,79
1422,19,2007,79
582,48,2007,79
1417,74,2007,79
1164,30,2007,79
1781,66,2007,79
1422,84,2007,79
38635,64,2007,79
31073,65,2007,79
1251,81,2007,79
58,71,2007,79
1422,83,2007,79
773,34,2007,79
7345,67,2008,80
6977,23,2008,80
1407,68,2008,80
4566,24,2008,80
2062,82,2008,80
13885,3,2008,80
7345,4,2008,80
4517,50,2008,80
6977,9,2008,80
13362,42,2008,80
245025,36,2008,80
2503,19,2008,80
7862,48,2008,80
1407,74,2008,80
4347,30,2008,80
5723,66,2008,80
6977,84,2008,80
112202,64,2008,80
116604,65,2008,80
2503,81,2008,80
2268,71,2008,80
6977,83,2008,80
7326,34,2008,80
10139,67,2009,81
155,23,2009,81
8055,68,2009,81
5038,24,2009,81
10681,82,2009,81
4922,3,2009,81
12405,4,2009,81
12783,50,2009,81
12405,9,2009,81
14048,42,2009,81
129235,36,2009,81
12405,19,2009,81
16804,48,2009,81
4922,74,2009,81
12405,30,2009,81
12405,66,2009,81
12405,84,2009,81
20722,64,2009,81
23764,65,2009,81
155,81,2009,81
4922,71,2009,81
12405,83,2009,81
10139,34,2009,81
25196,67,2010,82
16869,23,2010,82
22881,68,2010,82
25793,24,2010,82
14160,82,2010,82
19995,3,2010,82
19995,4,2010,82
18320,50,2010,82
12162,9,2010,82
23128,42,2010,82
154576,36,2010,82
12162,19,2010,82
25376,48,2010,82
13475,74,2010,82
14160,30,2010,82
25196,66,2010,82
12162,84,2010,82
32389,64,2010,82
47798,65,2010,82
12162,81,2010,82
19995,71,2010,82
25793,83,2010,82
12162,34,2010,82
45269,67,2011,83
45317,23,2011,83
44214,68,2011,83
45317,24,2011,83
10193,82,2011,83
12155,3,2011,83
27205,4,2011,83
12155,50,2011,83
45269,9,2011,83
44639,42,2011,83
113366,36,2011,83
37799,19,2011,83
44716,48,2011,83
7978,74,2011,83
37799,30,2011,83
10193,66,2011,83
45269,84,2011,83
58515,64,2011,83
58763,65,2011,83
27205,81,2011,83
27205,71,2011,83
37799,83,2011,83
45269,34,2011,83
74643,67,2012,84
55347,23,2012,84
71688,68,2012,84
50014,24,2012,84
44896,82,2012,84
44826,3,2012,84
44826,4,2012,84
74643,50,2012,84
74643,9,2012,84
82620,42,2012,84
89191,36,2012,84
65754,19,2012,84
60243,48,2012,84
71688,74,2012,84
74643,30,2012,84
64328,66,2012,84
74643,84,2012,84
86412,64,2012,84
92965,65,2012,84
44826,81,2012,84
44826,71,2012,84
65057,83,2012,84
59436,34,2012,84
72976,67,2013,85
68718,23,2013,85
82693,68,2013,85
82695,24,2013,85
62177,82,2013,85
87827,4,2013,85
96724,50,2013,85
87827,9,2013,85
84334,42,2013,85
137648,36,2013,85
68734,19,2013,85
86837,48,2013,85
82695,85,2013,85
87827,30,2013,85
37724,66,2013,85
68734,84,2013,85
140420,64,2013,85
157289,65,2013,85
37724,81,2013,85
97630,81,2013,85
87827,71,2013,85
68734,83,2013,85
68718,34,2013,85
152532,67,2014,86
152532,23,2014,86
160588,68,2014,86
76203,24,2014,86
109445,82,2014,86
49047,4,2014,86
64682,50,2014,86
49047,9,2014,86
159014,42,2014,86
249724,36,2014,86
49047,19,2014,86
179144,48,2014,86
152532,85,2014,86
49047,30,2014,86
109445,66,2014,86
76203,84,2014,86
234862,64,2014,86
249699,65,2014,86
49047,81,2014,86
49047,71,2014,86
76203,83,2014,86
152601,34,2014,86
266856,67,2015,87
244786,23,2015,87
284293,68,2015,87
85350,24,2015,87
177572,82,2015,87
194662,4,2015,87
120467,50,2015,87
194662,9,2015,87
293310,42,2015,87
248808,36,2015,87
244786,19,2015,87
209274,48,2015,87
120467,85,2015,87
120467,30,2015,87
273895,66,2015,87
194662,84,2015,87
293299,64,2015,87
220809,65,2015,87
190859,81,2015,87
157336,71,2015,87
205596,83,2015,87
194662,34,2015,87
281957,67,2016,88
296098,23,2016,88
264644,68,2016,88
306819,24,2016,88
150540,82,2016,88
281957,4,2016,88
76341,50,2016,88
281957,9,2016,88
331781,42,2016,88
369364,36,2016,88
76341,19,2016,88
336050,48,2016,88
76341,85,2016,88
273248,30,2016,88
206647,66,2016,88
314365,84,2016,88
351981,64,2016,88
369373,65,2016,88
76341,81,2016,88
264660,71,2016,88
318846,83,2016,88
314365,34,2016,88
334541,67,2017,89
376867,23,2017,89
313369,68,2017,89
393457,24,2017,89
269149,82,2017,89
313369,4,2017,89
259316,50,2017,89
313369,9,2017,89
377462,42,2017,89
416211,36,2017,89
324786,19,2017,89
375315,48,2017,89
297761,85,2017,89
313369,30,2017,89
313369,66,2017,89
376867,84,2017,89
399106,64,2017,89
335797,65,2017,89
329865,81,2017,89
278927,71,2017,89
376867,83,2017,89
334541,34,2017,89
399404,67,2018,90
359940,23,2018,90
359940,68,2018,90
389015,24,2018,90
354912,82,2018,90
335984,4,2018,90
400617,50,2018,90
399055,9,2018,90
432976,42,2018,90
473278,36,2018,90
374720,19,2018,90
429191,48,2018,90
399404,85,2018,90
399055,30,2018,90
354912,66,2018,90
399055,84,2018,90
483306,64,2018,90
492223,65,2018,90
374720,81,2018,90
335984,71,2018,90
398818,83,2018,90
419430,34,2018,90
424694,67,2019,91
490132,23,2019,91
375262,68,2019,91
465914,24,2019,91
324857,82,2019,91
426426,4,2019,91
284054,50,2019,91
426426,9,2019,91
515042,42,2019,91
524288,36,2019,91
424694,19,2019,91
426426,48,2019,91
429197,85,2019,91
284054,30,2019,91
332562,66,2019,91
490132,84,2019,91
514754,64,2019,91
542417,65,2019,91
424694,81,2019,91
369972,71,2019,91
487558,83,2019,91
490132,34,2019,91
475557,67,2020,92
466272,23,2020,92
491283,68,2020,92
492188,24,2020,92
301528,82,2020,92
530915,4,2020,92
331482,50,2020,92
496243,9,2020,92
565716,42,2020,92
612074,36,2020,92
359724,19,2020,92
496243,86,2020,92
525661,85,2020,92
475557,30,2020,92
504608,66,2020,92
496243,84,2020,92
589739,64,2020,92
600274,65,2020,92
359724,81,2020,92
530915,71,2020,92
515001,83,2020,92
496243,34,2020,92
600354,67,2021,93
583406,23,2021,93
581734,68,2021,93
615643,24,2021,93
508442,82,2021,93
614560,4,2021,93
615667,50,2021,93
581734,9,2021,93
682110,42,2021,93
741845,36,2021,93
502033,19,2021,93
580175,86,2021,93
615667,85,2021,93
508442,30,2021,93
583406,66,2021,93
581734,84,2021,93
713776,64,2021,93
787428,65,2021,93
502033,53,2021,93
577922,71,2021,93
600354,83,2021,93
582014,34,2021,93
614917,67,2022,94
776503,23,2022,94
601470,68,2022,94
511809,24,2022,94
568124,82,2022,94
438631,4,2022,94
337404,50,2022,94
600583,9,2022,94
776527,42,2022,94
822582,36,2022,94
438631,19,2022,94
758866,86,2022,94
601470,85,2022,94
438631,30,2022,94
370172,66,2022,94
776503,84,2022,94
601329,64,2022,94
972995,65,2022,94
438631,53,2022,94
438631,71,2022,94
776503,83,2022,94
777270,34,2022,94
785084,67,2023,95
545611,23,2023,95
545611,68,2023,95
545611,24,2023,95
555604,82,2023,95
49046,4,2023,95
505642,50,2023,95
545611,9,2023,95
926676,87,2023,95
1041580,88,2023,95
545611,19,2023,95
49046,86,2023,95
785084,85,2023,95
49046,30,2023,95
579974,66,2023,95
545611,84,2023,95
995133,64,2023,95
889598,65,2023,95
361743,53,2023,95
76600,71,2023,95
777245,83,2023,95
545611,34,2023,95
872585,67,2024,96
872585,23,2024,96
792307,68,2024,96
840430,24,2024,96
508883,82,2024,96
872585,4,2024,96
792307,50,2024,96
872585,9,2024,96
1058616,87,2024,96
1171861,88,2024,96
872585,19,2024,96
467244,86,2024,96
792307,85,2024,96
872585,30,2024,96
346698,66,2024,96
872585,84,2024,96
1214020,64,2024,96
923939,65,2024,96
467244,53,2024,96
940721,71,2024,96
1056360,83,2024,96
915935,34,2024,96
